{
  "controller_ms": {
    "mean_ms": 6.472221998763936,
    "p95_ms": 8.204140071757138,
    "p99_ms": 9.144831073936075,
    "min_ms": 2.9396999161690474,
    "max_ms": 14.284900156781077
  },
  "model_ms": {
    "mean_ms": 10.956231006421149,
    "p95_ms": 13.293260091450062,
    "p99_ms": 14.838753810618055,
    "min_ms": 4.145000129938126,
    "max_ms": 22.23950019106269
  }
}