{
  "afib_record": "07162",
  "normal_record": "04043",
  "fs": 250,
  "metrics": {
    "tp": 2983,
    "fp": 294,
    "tn": 5456,
    "fn": 2767,
    "precision": 0.9102837961522421,
    "recall": 0.5187826086947499,
    "f1": 0.6609061657515506,
    "specificity": 0.9488695652157411
  },
  "optimal_threshold": 0.6354649066925049,
  "aux_f1_threshold": 0.6287804841995239
}