{
  "10k": {
    "windows": 10000,
    "mean_ms": 3.319813790381886,
    "p95_ms": 7.09901504451409,
    "throughput_events_per_sec": 300.747051466524,
    "total_time_s": 33.250533799873665
  },
  "100k": {
    "windows": 100000,
    "mean_ms": 3.368740231315605,
    "p95_ms": 8.044005010742692,
    "throughput_events_per_sec": 296.3735709410655,
    "total_time_s": 337.4120022999123
  },
  "1M_extrapolated_total_s": 3368.7402313156053
}